id,title,release_date,genre,description,image_url,created_at,updated_at
1,Movie Title 1,2015-09-27,romance,All about Movie Title 1,,2015-09-28 01:53:29 UTC,2015-09-28 01:53:29 UTC
2,Movie Title 2,2015-09-27,comedy,All about Movie Title 2,,2015-09-28 01:53:29 UTC,2015-09-28 01:53:29 UTC
3,Movie Title 3,2015-09-27,horror,All about Movie Title 3,,2015-09-28 01:53:29 UTC,2015-09-28 01:53:29 UTC
4,Movie Title 4,2015-09-27,comedy,All about Movie Title 4,,2015-09-28 01:53:29 UTC,2015-09-28 01:53:29 UTC
5,Movie Title 5,2015-09-27,comedy,All about Movie Title 5,,2015-09-28 01:53:29 UTC,2015-09-28 01:53:29 UTC
6,Movie Title 6,2015-09-27,horror,All about Movie Title 6,,2015-09-28 01:53:29 UTC,2015-09-28 01:53:29 UTC
7,Movie Title 7,2015-09-27,romance,All about Movie Title 7,,2015-09-28 01:53:29 UTC,2015-09-28 01:53:29 UTC
8,Movie Title 8,2015-09-27,comedy,All about Movie Title 8,,2015-09-28 01:53:29 UTC,2015-09-28 01:53:29 UTC
9,Movie Title 9,2015-09-27,romance,All about Movie Title 9,,2015-09-28 01:53:29 UTC,2015-09-28 01:53:29 UTC
10,Movie Title 10,2015-09-27,comedy,All about Movie Title 10,,2015-09-28 01:53:29 UTC,2015-09-28 01:53:29 UTC
11,Movie Title 11,2015-09-27,comedy,All about Movie Title 11,,2015-09-28 01:53:29 UTC,2015-09-28 01:53:29 UTC
12,Movie Title 12,2015-09-27,horror,All about Movie Title 12,,2015-09-28 01:53:29 UTC,2015-09-28 01:53:29 UTC
13,Movie Title 13,2015-09-27,romance,All about Movie Title 13,,2015-09-28 01:53:29 UTC,2015-09-28 01:53:29 UTC
14,Movie Title 14,2015-09-27,drama,All about Movie Title 14,,2015-09-28 01:53:29 UTC,2015-09-28 01:53:29 UTC
15,Movie Title 15,2015-09-27,drama,All about Movie Title 15,,2015-09-28 01:53:29 UTC,2015-09-28 01:53:29 UTC
16,Movie Title 16,2015-09-27,comedy,All about Movie Title 16,,2015-09-28 01:53:29 UTC,2015-09-28 01:53:29 UTC
17,Movie Title 17,2015-09-27,comedy,All about Movie Title 17,,2015-09-28 01:53:29 UTC,2015-09-28 01:53:29 UTC
18,Movie Title 18,2015-09-27,comedy,All about Movie Title 18,,2015-09-28 01:53:29 UTC,2015-09-28 01:53:29 UTC
19,Movie Title 19,2015-09-27,horror,All about Movie Title 19,,2015-09-28 01:53:29 UTC,2015-09-28 01:53:29 UTC
20,Movie Title 20,2015-09-27,comedy,All about Movie Title 20,,2015-09-28 01:53:29 UTC,2015-09-28 01:53:29 UTC
21,Movie Title 21,2015-09-27,comedy,All about Movie Title 21,,2015-09-28 01:53:29 UTC,2015-09-28 01:53:29 UTC
22,Movie Title 22,2015-09-27,horror,All about Movie Title 22,,2015-09-28 01:53:29 UTC,2015-09-28 01:53:29 UTC
23,Movie Title 23,2015-09-27,romance,All about Movie Title 23,,2015-09-28 01:53:29 UTC,2015-09-28 01:53:29 UTC
24,Movie Title 24,2015-09-27,comedy,All about Movie Title 24,,2015-09-28 01:53:29 UTC,2015-09-28 01:53:29 UTC
25,Movie Title 25,2015-09-27,comedy,All about Movie Title 25,,2015-09-28 01:53:29 UTC,2015-09-28 01:53:29 UTC
26,Movie Title 26,2015-09-27,comedy,All about Movie Title 26,,2015-09-28 01:53:29 UTC,2015-09-28 01:53:29 UTC
27,Movie Title 27,2015-09-27,romance,All about Movie Title 27,,2015-09-28 01:53:29 UTC,2015-09-28 01:53:29 UTC
28,Movie Title 28,2015-09-27,romance,All about Movie Title 28,,2015-09-28 01:53:29 UTC,2015-09-28 01:53:29 UTC
29,Movie Title 29,2015-09-27,comedy,All about Movie Title 29,,2015-09-28 01:53:29 UTC,2015-09-28 01:53:29 UTC
30,Movie Title 30,2015-09-27,horror,All about Movie Title 30,,2015-09-28 01:53:29 UTC,2015-09-28 01:53:29 UTC
31,Movie Title 31,2015-09-27,comedy,All about Movie Title 31,,2015-09-28 01:53:29 UTC,2015-09-28 01:53:29 UTC
32,Movie Title 32,2015-09-27,drama,All about Movie Title 32,,2015-09-28 01:53:29 UTC,2015-09-28 01:53:29 UTC
33,Movie Title 33,2015-09-27,comedy,All about Movie Title 33,,2015-09-28 01:53:29 UTC,2015-09-28 01:53:29 UTC
34,Movie Title 34,2015-09-27,comedy,All about Movie Title 34,,2015-09-28 01:53:29 UTC,2015-09-28 01:53:29 UTC
35,Movie Title 35,2015-09-27,drama,All about Movie Title 35,,2015-09-28 01:53:29 UTC,2015-09-28 01:53:29 UTC
36,Movie Title 36,2015-09-27,horror,All about Movie Title 36,,2015-09-28 01:53:29 UTC,2015-09-28 01:53:29 UTC
37,Movie Title 37,2015-09-27,romance,All about Movie Title 37,,2015-09-28 01:53:29 UTC,2015-09-28 01:53:29 UTC
38,Movie Title 38,2015-09-27,horror,All about Movie Title 38,,2015-09-28 01:53:29 UTC,2015-09-28 01:53:29 UTC
39,Movie Title 39,2015-09-27,drama,All about Movie Title 39,,2015-09-28 01:53:29 UTC,2015-09-28 01:53:29 UTC
40,Movie Title 40,2015-09-27,drama,All about Movie Title 40,,2015-09-28 01:53:29 UTC,2015-09-28 01:53:29 UTC
41,Movie Title 41,2015-09-27,drama,All about Movie Title 41,,2015-09-28 01:53:29 UTC,2015-09-28 01:53:29 UTC
42,Movie Title 42,2015-09-27,romance,All about Movie Title 42,,2015-09-28 01:53:29 UTC,2015-09-28 01:53:29 UTC
43,Movie Title 43,2015-09-27,horror,All about Movie Title 43,,2015-09-28 01:53:29 UTC,2015-09-28 01:53:29 UTC
44,Movie Title 44,2015-09-27,romance,All about Movie Title 44,,2015-09-28 01:53:29 UTC,2015-09-28 01:53:29 UTC
45,Movie Title 45,2015-09-27,comedy,All about Movie Title 45,,2015-09-28 01:53:29 UTC,2015-09-28 01:53:29 UTC
46,Movie Title 46,2015-09-27,horror,All about Movie Title 46,,2015-09-28 01:53:29 UTC,2015-09-28 01:53:29 UTC
47,Movie Title 47,2015-09-27,romance,All about Movie Title 47,,2015-09-28 01:53:29 UTC,2015-09-28 01:53:29 UTC
48,Movie Title 48,2015-09-27,drama,All about Movie Title 48,,2015-09-28 01:53:29 UTC,2015-09-28 01:53:29 UTC
49,Movie Title 49,2015-09-27,comedy,All about Movie Title 49,,2015-09-28 01:53:29 UTC,2015-09-28 01:53:29 UTC
50,Movie Title 50,2015-09-27,horror,All about Movie Title 50,,2015-09-28 01:53:29 UTC,2015-09-28 01:53:29 UTC
